Designator,Footprint,Quantity,Value,LCSC Part #
"C10, C4, C5, C6",0603,4,4.7uF,
"C100, C101, C102, C103, C104, C105, C106, C107, C108, C109, C11, C110, C111, C112, C113, C114, C115, C116, C117, C118, C119, C12, C120, C122, C123, C124, C125, C126, C127, C128, C129, C13, C130, C131, C132, C133, C134, C135, C136, C137, C138, C139, C14, C140, C141, C142, C143, C144, C145, C146, C147, C148, C149, C150, C151, C152, C153, C154, C155, C156, C158, C159, C16, C160, C161, C162, C163, C164, C165, C166, C167, C168, C169, C17, C170, C171, C172, C173, C174, C175, C176, C177, C178, C179, C18, C180, C181, C182, C183, C184, C185, C186, C187, C188, C189, C19, C191, C192, C193, C194, C195, C196, C197, C198, C199, C20, C200, C201, C202, C203, C204, C205, C206, C207, C208, C209, C21, C210, C212, C213, C214, C215, C216, C217, C218, C219, C22, C220, C221, C222, C223, C224, C225, C226, C227, C228, C23, C230, C231, C232, C233, C234, C235, C236, C237, C238, C239, C24, C240, C241, C242, C243, C244, C245, C246, C247, C248, C249, C25, C250, C251, C252, C253, C254, C255, C256, C257, C258, C259, C26, C260, C261, C262, C263, C264, C265, C266, C267, C268, C269, C270, C271, C272, C273, C274, C275, C276, C277, C278, C279, C280, C281, C282, C283, C284, C285, C286, C287, C288, C289",0603,200,100nF,
"C15, C400, C63",0805,3,10uF,
C211,0402,1,22uF,
C27,0603,1,10nF,
"C290, C291, C292, C293, C294, C295, C296, C297, C298, C299, C3, C300, C302, C303, C304, C305, C306, C307, C308, C309, C310, C311, C312, C313, C314, C315, C316, C317, C318, C319, C320, C321, C322, C323, C324, C325, C326, C327, C328, C329, C330, C331, C332, C333, C334, C335, C336, C337, C338, C339, C340, C341, C342, C343, C344, C345, C346, C347, C348, C349, C350, C351, C352, C353, C354, C355, C356, C357, C358, C359, C360, C361, C362, C363, C364, C365, C366, C367, C368, C369, C370, C371, C372, C373, C374, C375, C376, C377, C378, C379, C380, C381, C425, C426, C427, C428, C429, C430, C431, C432, C433, C434, C435, C436, C437, C438, C439, C440, C441, C442, C443, C444, C445, C446, C447, C448, C449, C450, C451, C452, C453, C454, C455, C456, C457, C458, C459, C460, C461, C462, C463, C464, C465, C466, C467, C468, C469, C470, C471, C472, C473, C474, C475, C476, C477, C478, C479, C480, C481, C482, C483, C484, C485, C486, C487, C488, C489, C490, C491, C492, C493, C494, C495, C496, C497, C498, C499, C500, C501, C502, C503, C504, C505, C506, C507, C508, C509, C510, C511, C512, C514, C515, C516, C517, C518, C519, C520, C521, C522, C523, C524, C525, C526, C527, C528, C529, C530, C531, C532, C533",0603,200,100nF,
"C301, C382, C383, C384, C385, C386, C387, C388, C389, C390, C391, C392, C393, C394, C395, C396, C397, C398, C399, C402, C403, C404, C405, C406, C407, C408, C409, C410, C411, C412, C413, C414, C415, C416, C417, C418, C419, C420, C421, C422, C423, C424, C545, C546, C547, C548",0402,46,100nF,
C401,1206,1,100uF,
"C534, C535, C536, C537, C538, C539, C540, C541, C542, C543, C544, C62, C64, C82, C83, C84, C85, C86, C87, C88, C89, C90, C91, C92, C93, C94, C95, C96, C97, C98, C99",0603,31,100nF,
C65,0603,1,1uF,
"C7, C8",0603,2,15pF,
C9,0603,1,1nF,
CARD1,TF-SMD_TF-PUSH,1,TF PUSH,C393941
D5,SOT-23-6_L2.9-W1.6-P0.95-LS2.8-BL,1,USBLC6-2SC6_C2687116,C2687116
F1,1206,1,500mA,
FB1,0805,1,Ferrite 600R@100MHz,
FLASH1,SOIC-8_5.3x5.3mm_P1.27mm,1,W25Q128JVS,
J1,PinHeader_1x05_P2.54mm_Vertical,1,Conn_01x05_Pin,
L1,1210,1,3.3uH,
LED1,LED-SMD_4P-L6.8-W2.4_VEML7700-TR,1,VEML7700-TR,C504893
"LED10, LED100, LED101, LED102, LED103, LED104, LED105, LED106, LED107, LED108, LED109, LED11, LED110, LED111, LED112, LED113, LED114, LED115, LED116, LED117, LED118, LED119, LED12, LED120, LED121, LED123, LED124, LED125, LED126, LED127, LED128, LED129, LED13, LED130, LED131, LED132, LED133, LED134, LED135, LED136, LED137, LED138, LED139, LED14, LED140, LED141, LED142, LED143, LED144, LED146, LED147, LED148, LED149, LED15, LED150, LED151, LED152, LED153, LED154, LED155, LED156, LED157, LED158, LED159, LED16, LED160, LED161, LED162, LED163, LED164, LED166, LED167, LED168, LED169, LED17, LED170, LED171, LED172, LED173, LED174, LED175, LED176, LED177, LED178, LED179, LED18, LED180, LED181, LED182, LED183, LED184, LED185, LED186, LED187, LED188, LED189, LED19, LED190, LED191, LED192, LED193, LED194, LED195, LED196, LED197, LED198, LED199, LED2, LED20, LED200, LED201, LED202, LED203, LED204, LED205, LED206, LED207, LED208, LED209, LED21, LED210, LED211, LED212, LED213, LED214, LED215, LED216, LED217, LED218, LED219, LED22, LED220, LED221, LED222, LED223, LED224, LED225, LED226, LED227, LED228, LED229, LED23, LED230, LED231, LED232, LED233, LED234, LED235, LED236, LED237, LED238, LED239, LED24, LED240, LED241, LED242, LED243, LED244, LED245, LED246, LED247, LED248, LED249, LED25, LED250, LED251, LED252, LED253, LED254, LED255, LED256, LED257, LED258, LED259, LED26, LED260, LED261, LED262, LED263, LED264, LED265, LED266, LED267, LED268, LED269, LED27, LED270, LED271, LED272, LED273, LED274, LED275, LED276, LED277, LED278, LED279, LED28, LED280, LED281, LED282",LED-SMD_4P-L1.5-W1.5-BL,200,SK6805-EC15,C2890035
"LED283, LED284, LED285, LED286, LED287, LED288, LED289, LED29, LED290, LED291, LED292, LED293, LED294, LED295, LED296, LED297, LED298, LED299, LED3, LED30, LED300, LED301, LED302, LED303, LED304, LED305, LED306, LED307, LED308, LED309, LED31, LED310, LED311, LED312, LED313, LED314, LED315, LED316, LED317, LED318, LED319, LED32, LED320, LED321, LED322, LED323, LED324, LED325, LED326, LED327, LED328, LED329, LED33, LED330, LED331, LED332, LED333, LED334, LED335, LED336, LED337, LED338, LED339, LED34, LED340, LED341, LED342, LED343, LED344, LED345, LED346, LED347, LED348, LED349, LED35, LED350, LED351, LED352, LED353, LED354, LED355, LED356, LED357, LED358, LED359, LED36, LED360, LED361, LED362, LED363, LED364, LED365, LED366, LED367, LED368, LED369, LED37, LED370, LED371, LED372, LED373, LED374, LED375, LED376, LED377, LED378, LED379, LED38, LED380, LED381, LED382, LED383, LED384, LED385, LED386, LED387, LED39, LED390, LED399, LED4, LED40, LED402, LED41, LED411, LED414, LED42, LED426, LED43, LED435, LED436, LED437, LED439, LED44, LED440, LED441, LED442, LED447, LED448, LED449, LED45, LED451, LED452, LED453, LED454, LED459, LED46, LED460, LED461, LED463, LED464, LED465, LED466, LED47, LED471, LED472, LED475, LED476, LED477, LED478, LED48, LED49, LED5, LED50, LED51, LED52, LED53, LED54, LED55, LED56, LED57, LED58, LED59, LED6, LED60, LED61, LED62, LED63, LED64, LED65, LED66, LED67, LED68, LED69, LED7, LED70, LED71, LED72, LED73, LED74, LED75, LED76, LED77, LED78, LED79, LED8, LED80, LED81, LED82, LED83, LED84",LED-SMD_4P-L1.5-W1.5-BL,200,SK6805-EC15,C2890035
"LED85, LED87, LED88, LED89, LED9, LED90, LED91, LED92, LED93, LED94, LED95, LED96, LED97, LED98, LED99",LED-SMD_4P-L1.5-W1.5-BL,15,SK6805-EC15,C2890035
"R10, R13",0603,2,470,
"R28, R29, R30, R31, R36, R37",0603,6,10k,
"R3, R7, R8",0603,3,1k,
"R32, R33",0603,2,5.1k,
"R34, R35",0603,2,27,
"R40, R41",0402,2,4.7k,
R6,0603,1,33,
RP2350,QFN-60-1EP_7x7mm_P0.4mm_EP3.4x3.4mm,1,RP2350A,
SPK1,SPK-TH_BD23.0-P10.00-D0.8-L-RD,1,GSPK2308P-8R0.5W,C530532
"SW2, SW3",KEY-SMD_4P-L4.2-W3.2-P2.20-LS4.6,2,SKRPACE010,C139797
"SW41, SW49, SW55, SW56, SW57, SW58, SW59, SW60",SW-TH_FG-TC-12E-02-8H,8,FG-TC-12E-02-8H,C54141282
"TP18, TP19, TP20, TP21, TP22",TestPoint_Pad_D1.5mm,5,Breakout,
"U1, U10, U11, U13, U14, U15, U16, U17, U19, U20, U21, U22, U23, U24, U25, U26, U27, U28, U29, U30, U31, U32, U33, U34, U35, U36, U37, U38, U39, U4, U40, U41, U42, U44, U45, U46, U47, U5, U7, U8, U9",SOT-23-3_L2.9-W1.6-P1.90-LS2.8-BR,41,CH604ASR,C2830877
U12,SOT-23-5,1,AP2112K-3.3,
"U18, U3, U43",SSOP-24_5.3x8.2mm_P0.65mm,3,CD74HC4067SM,
U2,LGA-14_L3.0-W2.5-P0.50-TL,1,LSM6DS3TR-C,C967633
U48,TQFN-16-1EP_3x3mm_P0.5mm_EP1.23x1.23mm,1,MAX98357A,
U6,SOT-23-6_L2.9-W1.6-P0.95-LS2.8-BR,1,SN74LVC1T45DBVR,C7843
USB1,USB-C_SMD-TYPE-C-31-M-12,1,USB-TYPE-C-018,C2927038
X1,CRYSTAL-SMD_4P-L3.2-W2.5-BL,1,X322512MSB4SI,C9002
