Designator,Mid X,Mid Y,Rotation,Layer
C10,28.149995,-67.125,90.0,top
C100,117.2353,-2.5,0.0,top
C101,123.2353,-2.5,0.0,top
C102,129.2353,-2.5,0.0,top
C103,135.2353,-2.5,0.0,top
C104,141.2353,-2.5,0.0,top
C105,147.2353,-2.5,0.0,top
C106,153.2353,-2.5,0.0,top
C107,159.2353,-2.5,0.0,top
C108,165.2353,-2.5,0.0,top
C109,171.2353,-2.5,0.0,top
C11,19.6,-79.0,270.0,top
C110,177.2353,-2.5,0.0,top
C111,183.2353,-2.5,0.0,top
C112,189.2353,-2.5,0.0,top
C113,195.2353,-2.5,0.0,top
C114,201.2353,-2.5,0.0,top
C115,207.2353,-2.5,0.0,top
C116,213.2353,-2.5,0.0,top
C117,219.2353,-2.5,0.0,top
C118,225.2353,-2.5,0.0,top
C119,231.2353,-2.5,0.0,top
C12,11.8,-68.4,90.0,top
C120,243.2353,-2.5,0.0,top
C122,249.2353,-8.5,0.0,top
C123,243.2353,-8.5,0.0,top
C124,237.2353,-8.5,0.0,top
C125,231.2353,-8.5,0.0,top
C126,225.2353,-8.5,0.0,top
C127,219.2353,-8.5,0.0,top
C128,207.2353,-8.5,0.0,top
C129,201.2353,-8.5,0.0,top
C13,26.649995,-67.125,90.0,top
C130,189.2353,-8.5,0.0,top
C131,183.2353,-8.5,0.0,top
C132,171.2353,-8.5,0.0,top
C133,165.2353,-8.5,0.0,top
C134,159.2353,-8.5,0.0,top
C135,153.2353,-8.5,0.0,top
C136,147.2353,-8.5,0.0,top
C137,141.2353,-8.5,0.0,top
C138,135.2353,-8.5,0.0,top
C139,129.2353,-8.5,0.0,top
C14,16.2,-64.0,90.0,top
C140,123.2353,-8.5,0.0,top
C141,117.2353,-8.5,0.0,top
C142,111.2353,-8.5,0.0,top
C143,105.2353,-8.5,0.0,top
C144,99.2353,-8.5,0.0,top
C145,93.2353,-8.5,0.0,top
C146,87.2353,-8.5,0.0,top
C147,75.2353,-8.5,0.0,top
C148,69.2353,-8.5,0.0,top
C149,57.2353,-8.5,0.0,top
C15,22.5,-80.1,0.0,top
C150,51.2353,-8.5,0.0,top
C151,39.2353,-8.5,0.0,top
C152,33.2353,-8.5,0.0,top
C153,27.2353,-8.5,0.0,top
C154,21.2353,-8.5,0.0,top
C155,15.2353,-8.5,0.0,top
C156,9.2353,-8.5,0.0,top
C158,9.2353,-14.5,0.0,top
C159,15.2353,-14.5,0.0,top
C16,17.800002,-63.975,90.0,top
C160,33.2353,-14.5,0.0,top
C161,39.2353,-14.5,0.0,top
C162,51.2353,-14.5,0.0,top
C163,57.2353,-14.5,0.0,top
C164,69.2353,-14.5,0.0,top
C165,75.2353,-14.5,0.0,top
C166,81.2353,-14.5,0.0,top
C167,87.2353,-14.5,0.0,top
C168,93.2353,-14.5,0.0,top
C169,105.2353,-14.5,0.0,top
C17,20.8,-63.9,90.0,top
C170,111.2353,-14.5,0.0,top
C171,117.2353,-14.5,0.0,top
C172,123.2353,-14.5,0.0,top
C173,129.2353,-14.5,0.0,top
C174,135.2353,-14.5,0.0,top
C175,141.2353,-14.5,0.0,top
C176,147.2353,-14.5,0.0,top
C177,153.2353,-14.5,0.0,top
C178,165.2353,-14.5,0.0,top
C179,171.2353,-14.5,0.0,top
C18,24.4,-66.0,90.0,top
C180,177.2353,-14.5,0.0,top
C181,183.2353,-14.5,0.0,top
C182,189.2353,-14.5,0.0,top
C183,201.2353,-14.5,0.0,top
C184,207.2353,-14.5,0.0,top
C185,219.2353,-14.5,0.0,top
C186,225.2353,-14.5,0.0,top
C187,231.2353,-14.5,0.0,top
C188,243.2353,-14.5,0.0,top
C189,249.2353,-14.5,0.0,top
C19,26.269855,-76.900001,0.0,top
C191,249.2353,-20.5,0.0,top
C192,243.2353,-20.5,0.0,top
C193,237.2353,-20.5,0.0,top
C194,231.2353,-20.5,0.0,top
C195,225.2353,-20.5,0.0,top
C196,219.2353,-20.5,0.0,top
C197,213.2353,-20.5,0.0,top
C198,207.2353,-20.5,0.0,top
C199,201.2353,-20.5,0.0,top
C20,22.5,-78.099999,0.0,top
C200,195.2353,-20.5,0.0,top
C201,189.2353,-20.5,0.0,top
C202,183.2353,-20.5,0.0,top
C203,177.2353,-20.5,0.0,top
C204,171.2353,-20.5,0.0,top
C205,165.2353,-20.5,0.0,top
C206,153.2353,-20.5,0.0,top
C207,147.2353,-20.5,0.0,top
C208,135.2353,-20.5,0.0,top
C209,129.2353,-20.5,0.0,top
C21,17.3,-78.289136,0.0,top
C210,123.2353,-20.5,0.0,top
C211,32.950001,-65.100003,90.0,top
C212,111.2353,-20.5,0.0,top
C213,105.2353,-20.5,0.0,top
C214,93.2353,-20.5,0.0,top
C215,87.2353,-20.5,0.0,top
C216,81.2353,-20.5,0.0,top
C217,75.2353,-20.5,0.0,top
C218,69.2353,-20.5,0.0,top
C219,63.2353,-20.5,0.0,top
C22,13.075003,-75.900005,180.0,top
C220,57.2353,-20.5,0.0,top
C221,51.2353,-20.5,0.0,top
C222,45.2353,-20.5,0.0,top
C223,39.2353,-20.5,0.0,top
C224,33.2353,-20.5,0.0,top
C225,27.2353,-20.5,0.0,top
C226,21.2353,-20.5,0.0,top
C227,15.2353,-20.5,0.0,top
C228,9.2353,-20.5,0.0,top
C23,11.8,-72.000005,180.0,top
C230,9.2353,-26.5,0.0,top
C231,15.2353,-26.5,0.0,top
C232,27.2353,-26.5,0.0,top
C233,33.2353,-26.5,0.0,top
C234,45.2353,-26.5,0.0,top
C235,51.2353,-26.5,0.0,top
C236,63.7,-26.4,0.0,top
C237,69.2353,-26.5,0.0,top
C238,87.2353,-26.5,0.0,top
C239,93.2353,-26.5,0.0,top
C24,13.3,-68.4,90.0,top
C240,99.2353,-26.5,0.0,top
C241,105.2353,-26.5,0.0,top
C242,111.2353,-26.5,0.0,top
C243,123.2353,-26.5,0.0,top
C244,129.2353,-26.5,0.0,top
C245,135.2353,-26.5,0.0,top
C246,147.2353,-26.5,0.0,top
C247,153.2353,-26.5,0.0,top
C248,159.2353,-26.5,0.0,top
C249,165.2353,-26.5,0.0,top
C25,62.2,-81.9,0.0,top
C250,171.2353,-26.5,0.0,top
C251,189.2353,-26.5,0.0,top
C252,195.2353,-26.5,0.0,top
C253,207.2353,-26.5,0.0,top
C254,213.2353,-26.5,0.0,top
C255,225.2353,-26.5,0.0,top
C256,231.2353,-26.5,0.0,top
C257,243.2353,-26.5,0.0,top
C258,249.2353,-26.5,0.0,top
C259,249.2353,-32.5,0.0,top
C26,66.1,-80.3,90.0,top
C260,243.2353,-32.5,0.0,top
C261,231.2353,-32.5,0.0,top
C262,225.2353,-32.5,0.0,top
C263,213.2353,-32.5,0.0,top
C264,207.2353,-32.5,0.0,top
C265,201.2353,-32.5,0.0,top
C266,195.2353,-32.5,0.0,top
C267,189.2353,-32.5,0.0,top
C268,183.2353,-32.5,0.0,top
C269,177.2353,-32.5,0.0,top
C27,5.775001,-66.599995,180.0,top
C270,171.2353,-32.5,0.0,top
C271,159.2353,-32.5,0.0,top
C272,153.2353,-32.5,0.0,top
C273,147.2353,-32.5,0.0,top
C274,141.2353,-32.5,0.0,top
C275,135.2353,-32.5,0.0,top
C276,129.2353,-32.5,0.0,top
C277,123.2353,-32.5,0.0,top
C278,117.2353,-32.5,0.0,top
C279,111.2353,-32.5,0.0,top
C280,105.2353,-32.5,0.0,top
C281,87.2353,-32.5,0.0,top
C282,81.2353,-32.5,0.0,top
C283,75.2353,-32.5,0.0,top
C284,69.2353,-32.5,0.0,top
C285,63.2353,-32.5,0.0,top
C286,57.2353,-32.5,0.0,top
C287,51.2353,-32.5,0.0,top
C288,45.2353,-32.5,0.0,top
C289,33.2353,-32.5,0.0,top
C290,27.2353,-32.5,0.0,top
C291,15.2353,-32.5,0.0,top
C292,9.2353,-32.5,0.0,top
C293,9.2353,-38.5,0.0,top
C294,15.2353,-38.5,0.0,top
C295,21.2353,-38.5,0.0,top
C296,27.2353,-38.5,0.0,top
C297,33.2353,-38.5,0.0,top
C298,39.2353,-38.5,0.0,top
C299,45.2353,-38.5,0.0,top
C3,2.405146,-66.499994,0.0,top
C300,51.2353,-38.5,0.0,top
C301,63.2353,-38.5,0.0,top
C302,69.2353,-38.5,0.0,top
C303,81.2353,-38.5,0.0,top
C304,87.2353,-38.5,0.0,top
C305,93.2353,-38.5,0.0,top
C306,99.2353,-38.5,0.0,top
C307,105.2353,-38.5,0.0,top
C308,117.2353,-38.5,0.0,top
C309,123.2353,-38.5,0.0,top
C310,129.2353,-38.5,0.0,top
C311,135.2353,-38.5,0.0,top
C312,141.2353,-38.5,0.0,top
C313,153.2353,-38.5,0.0,top
C314,159.2353,-38.5,0.0,top
C315,165.2353,-38.5,0.0,top
C316,171.2353,-38.5,0.0,top
C317,177.2353,-38.5,0.0,top
C318,189.2353,-38.5,0.0,top
C319,195.2353,-38.5,0.0,top
C320,207.2353,-38.5,0.0,top
C321,213.2353,-38.5,0.0,top
C322,219.2353,-38.5,0.0,top
C323,225.2353,-38.5,0.0,top
C324,231.2353,-38.5,0.0,top
C325,237.2353,-38.5,0.0,top
C326,243.2353,-38.5,0.0,top
C327,249.2353,-38.5,0.0,top
C328,249.2353,-44.5,0.0,top
C329,231.2353,-44.5,0.0,top
C330,225.2353,-44.5,0.0,top
C331,213.2353,-44.5,0.0,top
C332,207.2353,-44.5,0.0,top
C333,195.2353,-44.5,0.0,top
C334,189.2353,-44.5,0.0,top
C335,177.2353,-44.5,0.0,top
C336,171.2353,-44.5,0.0,top
C337,159.2353,-44.5,0.0,top
C338,153.2353,-44.5,0.0,top
C339,141.2353,-44.5,0.0,top
C340,135.2353,-44.5,0.0,top
C341,129.2353,-44.5,0.0,top
C342,123.2353,-44.5,0.0,top
C343,117.2353,-44.5,0.0,top
C344,105.2353,-44.5,0.0,top
C345,99.2353,-44.5,0.0,top
C346,87.2353,-44.5,0.0,top
C347,81.2353,-44.5,0.0,top
C348,69.2353,-44.5,0.0,top
C349,63.2353,-44.5,0.0,top
C350,51.2353,-44.5,0.0,top
C351,45.2353,-44.5,0.0,top
C352,33.2353,-44.5,0.0,top
C353,27.2353,-44.5,0.0,top
C354,9.2353,-44.5,0.0,top
C355,9.2353,-50.5,0.0,top
C356,15.2353,-50.5,0.0,top
C357,21.2353,-50.5,0.0,top
C358,27.2353,-50.5,0.0,top
C359,33.2353,-50.5,0.0,top
C360,39.2353,-50.5,0.0,top
C361,45.2353,-50.5,0.0,top
C362,51.2353,-50.5,0.0,top
C363,57.2353,-50.5,0.0,top
C364,63.2353,-50.5,0.0,top
C365,69.2353,-50.5,0.0,top
C366,75.2353,-50.5,0.0,top
C367,81.2353,-50.5,0.0,top
C368,87.2353,-50.5,0.0,top
C369,99.2353,-50.5,0.0,top
C370,105.2353,-50.5,0.0,top
C371,111.2353,-50.5,0.0,top
C372,117.2353,-50.5,0.0,top
C373,123.2353,-50.5,0.0,top
C374,129.2353,-50.5,0.0,top
C375,135.2353,-50.5,0.0,top
C376,141.2353,-50.5,0.0,top
C377,147.2353,-50.5,0.0,top
C378,153.2353,-50.5,0.0,top
C379,159.2353,-50.5,0.0,top
C380,171.2353,-50.5,0.0,top
C381,177.2353,-50.5,0.0,top
C382,31.95,-65.1,270.0,top
C383,53.88,-64.0,180.0,top
C384,66.5,-65.8,180.0,top
C385,198.32,-64.8,180.0,top
C386,21.52,-31.9,180.0,top
C387,93.38,-53.9,180.0,top
C388,75.12,-46.6,180.0,top
C389,83.9,-11.1,90.0,top
C390,97.3449,-79.7,180.0,top
C391,64.9,-11.78,90.0,top
C392,26.8,-13.3,90.0,top
C393,116.4753,-21.85,0.0,top
C394,113.6,-44.1,180.0,top
C395,99.0,-20.1,180.0,top
C396,45.9,-12.6,90.0,top
C397,59.0353,-25.2,0.0,top
C398,37.4,-48.1,180.0,top
C399,96.5,-37.3,180.0,top
C4,13.8,-61.2,0.0,top
C400,21.394858,-60.9,180.0,top
C401,30.05,-63.000001,90.0,top
C402,111.0,-61.1,180.0,top
C403,56.1,-47.4,180.0,top
C404,78.1753,-24.45,0.0,top
C405,240.0,-49.1,180.0,top
C406,202.6,-47.4,180.0,top
C407,162.4,-37.2,180.0,top
C408,199.2,-11.7,90.0,top
C409,218.32,-31.5,180.0,top
C410,145.22,-44.4,180.0,top
C411,215.28,-14.4,180.0,top
C412,161.5,-79.9,180.0,top
C413,148.0,-61.1,180.0,top
C414,237.7534,-26.744,0.0,top
C415,237.4,-13.4,90.0,top
C416,183.42,-46.7,180.0,top
C417,221.32,-48.3,180.0,top
C418,142.4884,-21.85,0.0,top
C419,180.2,-11.1,90.0,top
C420,199.6,-30.4,180.0,top
C421,165.6,-53.9,180.0,top
C422,159.9,-20.1,180.0,top
C423,179.48,-76.6,180.0,top
C424,180.7884,-24.45,0.0,top
C425,183.2353,-50.5,0.0,top
C426,189.2353,-50.5,0.0,top
C427,195.2353,-50.5,0.0,top
C428,201.2353,-50.5,0.0,top
C429,207.2353,-50.5,0.0,top
C430,213.2353,-50.5,0.0,top
C431,219.2353,-50.5,0.0,top
C432,225.2353,-50.5,0.0,top
C433,231.2353,-50.5,0.0,top
C434,237.2353,-50.5,0.0,top
C435,243.2353,-50.5,0.0,top
C436,249.2353,-50.5,0.0,top
C437,219.2353,-56.5,0.0,top
C438,213.2353,-56.5,0.0,top
C439,207.2353,-56.5,0.0,top
C440,201.2353,-56.5,0.0,top
C441,195.2353,-56.5,0.0,top
C442,189.2353,-56.5,0.0,top
C443,183.2353,-56.5,0.0,top
C444,177.2353,-56.5,0.0,top
C445,171.2353,-56.5,0.0,top
C446,165.2353,-56.5,0.0,top
C447,159.2353,-56.5,0.0,top
C448,153.2353,-56.5,0.0,top
C449,141.2353,-56.5,0.0,top
C450,135.2353,-56.5,0.0,top
C451,123.2353,-56.5,0.0,top
C452,117.2353,-56.5,0.0,top
C453,105.2353,-56.5,0.0,top
C454,99.2353,-56.5,0.0,top
C455,93.2353,-56.5,0.0,top
C456,87.2353,-56.5,0.0,top
C457,81.2353,-56.5,0.0,top
C458,75.2353,-56.5,0.0,top
C459,69.2353,-56.5,0.0,top
C460,63.2353,-56.5,0.0,top
C461,57.2353,-56.5,0.0,top
C462,51.2353,-56.5,0.0,top
C463,45.2353,-56.5,0.0,top
C464,39.2353,-56.5,0.0,top
C465,75.2353,-62.5,0.0,top
C466,81.2353,-62.5,0.0,top
C467,87.2353,-62.5,0.0,top
C468,93.2353,-62.5,0.0,top
C469,99.2353,-62.5,0.0,top
C470,105.2353,-62.5,0.0,top
C471,117.2353,-62.5,0.0,top
C472,123.2353,-62.5,0.0,top
C473,135.2353,-62.5,0.0,top
C474,141.2353,-62.5,0.0,top
C475,153.2353,-62.5,0.0,top
C476,159.2353,-62.5,0.0,top
C477,165.2353,-62.5,0.0,top
C478,171.2353,-62.5,0.0,top
C479,177.2353,-62.5,0.0,top
C480,183.2353,-62.5,0.0,top
C481,183.2353,-68.5,0.0,top
C482,177.2353,-68.5,0.0,top
C483,171.2353,-68.5,0.0,top
C484,165.2353,-68.5,0.0,top
C485,159.2353,-68.5,0.0,top
C486,153.2353,-68.5,0.0,top
C487,147.2353,-68.5,0.0,top
C488,141.2353,-68.5,0.0,top
C489,135.2353,-68.5,0.0,top
C490,129.2353,-68.5,0.0,top
C491,123.2353,-68.5,0.0,top
C492,117.2353,-68.5,0.0,top
C493,111.2353,-68.5,0.0,top
C494,105.2353,-68.5,0.0,top
C495,99.2353,-68.5,0.0,top
C496,93.2353,-68.5,0.0,top
C497,87.2353,-68.5,0.0,top
C498,75.2353,-68.5,0.0,top
C499,75.2353,-74.5,0.0,top
C5,17.3,-79.789136,0.0,top
C500,87.2353,-74.5,0.0,top
C501,93.2353,-74.5,0.0,top
C502,105.2353,-74.5,0.0,top
C503,111.2353,-74.5,0.0,top
C504,117.2353,-74.5,0.0,top
C505,123.2353,-74.5,0.0,top
C506,135.2353,-74.5,0.0,top
C507,141.2353,-74.5,0.0,top
C508,147.2353,-74.5,0.0,top
C509,153.2353,-74.5,0.0,top
C510,165.2353,-74.5,0.0,top
C511,171.2353,-74.5,0.0,top
C512,183.2353,-74.5,0.0,top
C514,189.2353,-80.5,0.0,top
C515,183.2353,-80.5,0.0,top
C516,177.2353,-80.5,0.0,top
C517,171.2353,-80.5,0.0,top
C518,165.2353,-80.5,0.0,top
C519,153.2353,-80.5,0.0,top
C520,147.2353,-80.5,0.0,top
C521,141.2353,-80.5,0.0,top
C522,135.2353,-80.5,0.0,top
C523,123.2353,-80.5,0.0,top
C524,117.2353,-80.5,0.0,top
C525,111.2353,-80.5,0.0,top
C526,105.2353,-80.5,0.0,top
C527,93.2353,-80.5,0.0,top
C528,87.2353,-80.5,0.0,top
C529,81.2353,-80.5,0.0,top
C530,75.2353,-80.5,0.0,top
C531,69.2353,-80.5,0.0,top
C532,93.2353,-86.5,0.0,top
C533,99.2353,-86.5,0.0,top
C534,105.2353,-86.5,0.0,top
C535,111.2353,-86.5,0.0,top
C536,117.2353,-86.5,0.0,top
C537,123.2353,-86.5,0.0,top
C538,129.2353,-86.5,0.0,top
C539,135.2353,-86.5,0.0,top
C540,141.2353,-86.5,0.0,top
C541,147.2353,-86.5,0.0,top
C542,153.2353,-86.5,0.0,top
C543,159.2353,-86.5,0.0,top
C544,165.2353,-86.5,0.0,top
C545,129.08,-81.8,180.0,top
C546,79.22,-76.6,180.0,top
C547,40.72,-31.4,180.0,top
C548,18.54,-49.019332,180.0,top
C6,19.299995,-63.924999,270.0,top
C62,39.7,-64.9,0.0,top
C63,39.9,-66.8,180.0,top
C64,42.23458,-62.736775,270.0,top
C65,21.4,-58.6,0.0,top
C7,29.621128,-72.704184,90.0,top
C8,26.335739,-75.383882,180.0,top
C82,9.2353,-2.5,0.0,top
C83,15.2353,-2.5,0.0,top
C84,21.2353,-2.5,0.0,top
C85,27.2353,-2.5,0.0,top
C86,33.2353,-2.5,0.0,top
C87,39.2353,-2.5,0.0,top
C88,45.2353,-2.5,0.0,top
C89,51.2353,-2.5,0.0,top
C9,33.0,-78.4,170.0,top
C90,57.2353,-2.5,0.0,top
C91,63.2353,-2.5,0.0,top
C92,69.2353,-2.5,0.0,top
C93,75.2353,-2.5,0.0,top
C94,81.2353,-2.5,0.0,top
C95,87.2353,-2.5,0.0,top
C96,93.2353,-2.5,0.0,top
C97,99.2353,-2.5,0.0,top
C98,105.2353,-2.5,0.0,top
C99,111.2353,-2.5,0.0,top
CARD1,245.499999,-67.450002,90.0,top
D5,10.05,-60.699999,90.0,top
F1,14.6,-58.6,0.0,top
FB1,27.0,-63.8,0.0,top
FLASH1,4.2,-72.9,0.0,top
J1,38.102823788346164,-82.38213127264423,260.0,top
L1,12.9,-65.2,0.0,top
LED1,249.669999,-3.4,0.0,top
LED10,57.2353,-4.6,180.0,top
LED100,111.2353,-34.6,180.0,top
LED101,75.2353,-34.6,180.0,top
LED102,51.2353,-34.6,180.0,top
LED103,15.2353,-34.6,180.0,top
LED104,129.2353,-34.6,180.0,top
LED105,27.2353,-40.6,180.0,top
LED106,105.2353,-34.6,180.0,top
LED107,69.2353,-34.6,180.0,top
LED108,45.2353,-34.6,180.0,top
LED109,9.2353,-34.6,180.0,top
LED11,63.2353,-4.6,180.0,top
LED110,123.2353,-34.6,180.0,top
LED111,33.2353,-40.6,180.0,top
LED112,87.2353,-34.6,180.0,top
LED113,63.2353,-34.6,180.0,top
LED114,33.2353,-34.6,180.0,top
LED115,9.2353,-40.6,180.0,top
LED116,117.2353,-34.6,180.0,top
LED117,39.2353,-40.6,180.0,top
LED118,81.2353,-34.6,180.0,top
LED119,57.2353,-34.6,180.0,top
LED12,69.2353,-4.6,180.0,top
LED120,27.2353,-34.6,180.0,top
LED121,15.2353,-40.6,180.0,top
LED123,153.2353,-4.6,180.0,top
LED124,225.2353,-10.6,180.0,top
LED125,177.2353,-4.6,180.0,top
LED126,201.2353,-4.6,180.0,top
LED127,225.2353,-4.6,180.0,top
LED128,249.2353,-10.6,180.0,top
LED129,159.2353,-4.6,180.0,top
LED13,75.2353,-4.6,180.0,top
LED130,219.2353,-10.6,180.0,top
LED131,183.2353,-4.6,180.0,top
LED132,207.2353,-4.6,180.0,top
LED133,231.2353,-4.6,180.0,top
LED134,243.2353,-10.6,180.0,top
LED135,165.2353,-4.6,180.0,top
LED136,207.2353,-10.6,180.0,top
LED137,189.2353,-4.6,180.0,top
LED138,213.2353,-4.6,180.0,top
LED139,243.2353,-4.6,180.0,top
LED14,81.2353,-4.6,180.0,top
LED140,237.2353,-10.6,180.0,top
LED141,171.2353,-4.6,180.0,top
LED142,201.2353,-10.6,180.0,top
LED143,195.2353,-4.6,180.0,top
LED144,219.2353,-4.6,180.0,top
LED146,231.2353,-10.6,180.0,top
LED147,21.2353,-10.6,180.0,top
LED148,135.2353,-16.6,180.0,top
LED149,9.2353,-16.6,180.0,top
LED15,105.2353,-4.6,180.0,top
LED150,51.2353,-16.6,180.0,top
LED151,81.2353,-16.6,180.0,top
LED152,111.2353,-16.6,180.0,top
LED153,15.2353,-10.6,180.0,top
LED154,141.2353,-16.6,180.0,top
LED155,15.2353,-16.6,180.0,top
LED156,57.2353,-16.6,180.0,top
LED157,87.2353,-16.6,180.0,top
LED158,117.2353,-16.6,180.0,top
LED159,9.2353,-10.6,180.0,top
LED16,87.2353,-4.6,180.0,top
LED160,147.2353,-16.6,180.0,top
LED161,33.2353,-16.6,180.0,top
LED162,69.2353,-16.6,180.0,top
LED163,93.2353,-16.6,180.0,top
LED164,123.2353,-16.6,180.0,top
LED166,153.2353,-16.6,180.0,top
LED167,39.2353,-16.6,180.0,top
LED168,75.2353,-16.6,180.0,top
LED169,105.2353,-16.6,180.0,top
LED17,111.2353,-4.6,180.0,top
LED170,129.2353,-16.6,180.0,top
LED171,183.2353,-22.6,180.0,top
LED172,39.2353,-22.6,180.0,top
LED173,153.2353,-22.6,180.0,top
LED174,123.2353,-22.6,180.0,top
LED175,87.2353,-22.6,180.0,top
LED176,63.2353,-22.6,180.0,top
LED177,177.2353,-22.6,180.0,top
LED178,33.2353,-22.6,180.0,top
LED179,147.2353,-22.6,180.0,top
LED18,93.2353,-4.6,180.0,top
LED180,111.2353,-22.6,180.0,top
LED181,81.2353,-22.6,180.0,top
LED182,57.2353,-22.6,180.0,top
LED183,171.2353,-22.6,180.0,top
LED184,27.2353,-22.6,180.0,top
LED185,135.2353,-22.6,180.0,top
LED186,105.2353,-22.6,180.0,top
LED187,75.2353,-22.6,180.0,top
LED188,51.2353,-22.6,180.0,top
LED189,165.2353,-22.6,180.0,top
LED19,117.2353,-4.6,180.0,top
LED190,21.2353,-22.6,180.0,top
LED191,129.2353,-22.6,180.0,top
LED192,93.2353,-22.6,180.0,top
LED193,69.2353,-22.6,180.0,top
LED194,45.2353,-22.6,180.0,top
LED195,189.2353,-28.6,180.0,top
LED196,159.2353,-34.6,180.0,top
LED197,225.2353,-28.6,180.0,top
LED198,249.2353,-34.6,180.0,top
LED199,213.2353,-34.6,180.0,top
LED2,9.2353,-4.6,180.0,top
LED20,99.2353,-4.6,180.0,top
LED200,189.2353,-34.6,180.0,top
LED201,195.2353,-28.6,180.0,top
LED202,153.2353,-34.6,180.0,top
LED203,231.2353,-28.6,180.0,top
LED204,243.2353,-34.6,180.0,top
LED205,207.2353,-34.6,180.0,top
LED206,183.2353,-34.6,180.0,top
LED207,207.2353,-28.6,180.0,top
LED208,147.2353,-34.6,180.0,top
LED209,243.2353,-28.6,180.0,top
LED21,123.2353,-4.6,180.0,top
LED210,231.2353,-34.6,180.0,top
LED211,201.2353,-34.6,180.0,top
LED212,177.2353,-34.6,180.0,top
LED213,213.2353,-28.6,180.0,top
LED214,141.2353,-34.6,180.0,top
LED215,249.2353,-28.6,180.0,top
LED216,225.2353,-34.6,180.0,top
LED217,195.2353,-34.6,180.0,top
LED218,171.2353,-34.6,180.0,top
LED219,45.2353,-40.6,180.0,top
LED22,129.2353,-4.6,180.0,top
LED220,195.2353,-40.6,180.0,top
LED221,81.2353,-40.6,180.0,top
LED222,105.2353,-40.6,180.0,top
LED223,135.2353,-40.6,180.0,top
LED224,165.2353,-40.6,180.0,top
LED225,51.2353,-40.6,180.0,top
LED226,207.2353,-40.6,180.0,top
LED227,87.2353,-40.6,180.0,top
LED228,117.2353,-40.6,180.0,top
LED229,141.2353,-40.6,180.0,top
LED23,189.2353,-10.6,180.0,top
LED230,171.2353,-40.6,180.0,top
LED231,63.2353,-40.6,180.0,top
LED232,213.2353,-40.6,180.0,top
LED233,93.2353,-40.6,180.0,top
LED234,123.2353,-40.6,180.0,top
LED235,153.2353,-40.6,180.0,top
LED236,177.2353,-40.6,180.0,top
LED237,69.2353,-40.6,180.0,top
LED238,219.2353,-40.6,180.0,top
LED239,99.2353,-40.6,180.0,top
LED24,135.2353,-4.6,180.0,top
LED240,129.2353,-40.6,180.0,top
LED241,159.2353,-40.6,180.0,top
LED242,189.2353,-40.6,180.0,top
LED243,81.2353,-46.6,180.0,top
LED244,81.2353,-52.6,180.0,top
LED245,225.2353,-40.6,180.0,top
LED246,117.2353,-46.6,180.0,top
LED247,45.2353,-46.6,180.0,top
LED248,9.2353,-52.6,180.0,top
LED249,33.2353,-52.6,180.0,top
LED25,51.2353,-10.6,180.0,top
LED250,57.2353,-52.6,180.0,top
LED251,249.2353,-40.6,180.0,top
LED252,213.2353,-46.6,180.0,top
LED253,177.2353,-46.6,180.0,top
LED254,141.2353,-46.6,180.0,top
LED255,69.2353,-46.6,180.0,top
LED256,87.2353,-52.6,180.0,top
LED257,231.2353,-40.6,180.0,top
LED258,105.2353,-46.6,180.0,top
LED259,33.2353,-46.6,180.0,top
LED26,141.2353,-4.6,180.0,top
LED260,15.2353,-52.6,180.0,top
LED261,39.2353,-52.6,180.0,top
LED262,63.2353,-52.6,180.0,top
LED263,249.2353,-46.6,180.0,top
LED264,207.2353,-46.6,180.0,top
LED265,171.2353,-46.6,180.0,top
LED266,135.2353,-46.6,180.0,top
LED267,63.2353,-46.6,180.0,top
LED268,99.2353,-52.6,180.0,top
LED269,237.2353,-40.6,180.0,top
LED27,159.2353,-10.6,180.0,top
LED270,99.2353,-46.6,180.0,top
LED271,27.2353,-46.6,180.0,top
LED272,21.2353,-52.6,180.0,top
LED273,45.2353,-52.6,180.0,top
LED274,69.2353,-52.6,180.0,top
LED275,231.2353,-46.6,180.0,top
LED276,195.2353,-46.6,180.0,top
LED277,159.2353,-46.6,180.0,top
LED278,129.2353,-46.6,180.0,top
LED279,51.2353,-46.6,180.0,top
LED28,147.2353,-4.6,180.0,top
LED280,105.2353,-52.6,180.0,top
LED281,243.2353,-40.6,180.0,top
LED282,87.2353,-46.6,180.0,top
LED283,9.2353,-46.6,180.0,top
LED284,27.2353,-52.6,180.0,top
LED285,51.2353,-52.6,180.0,top
LED286,75.2353,-52.6,180.0,top
LED287,225.2353,-46.6,180.0,top
LED288,189.2353,-46.6,180.0,top
LED289,153.2353,-46.6,180.0,top
LED29,135.2353,-10.6,180.0,top
LED290,123.2353,-46.6,180.0,top
LED291,111.2353,-52.6,180.0,top
LED292,237.2353,-52.6,180.0,top
LED293,135.2353,-52.6,180.0,top
LED294,159.2353,-52.6,180.0,top
LED295,189.2353,-52.6,180.0,top
LED296,213.2353,-52.6,180.0,top
LED297,213.2353,-58.6,180.0,top
LED298,75.2353,-58.6,180.0,top
LED299,189.2353,-58.6,180.0,top
LED3,15.2353,-4.6,180.0,top
LED30,111.2353,-10.6,180.0,top
LED300,165.2353,-58.6,180.0,top
LED301,135.2353,-58.6,180.0,top
LED302,99.2353,-58.6,180.0,top
LED303,117.2353,-52.6,180.0,top
LED304,243.2353,-52.6,180.0,top
LED305,141.2353,-52.6,180.0,top
LED306,171.2353,-52.6,180.0,top
LED307,195.2353,-52.6,180.0,top
LED308,219.2353,-52.6,180.0,top
LED309,207.2353,-58.6,180.0,top
LED31,87.2353,-10.6,180.0,top
LED310,69.2353,-58.6,180.0,top
LED311,183.2353,-58.6,180.0,top
LED312,159.2353,-58.6,180.0,top
LED313,123.2353,-58.6,180.0,top
LED314,93.2353,-58.6,180.0,top
LED315,123.2353,-52.6,180.0,top
LED316,249.2353,-52.6,180.0,top
LED317,147.2353,-52.6,180.0,top
LED318,177.2353,-52.6,180.0,top
LED319,201.2353,-52.6,180.0,top
LED32,183.2353,-10.6,180.0,top
LED320,225.2353,-52.6,180.0,top
LED321,201.2353,-58.6,180.0,top
LED322,63.2353,-58.6,180.0,top
LED323,177.2353,-58.6,180.0,top
LED324,153.2353,-58.6,180.0,top
LED325,117.2353,-58.6,180.0,top
LED326,87.2353,-58.6,180.0,top
LED327,129.2353,-52.6,180.0,top
LED328,219.2353,-58.6,180.0,top
LED329,153.2353,-52.6,180.0,top
LED33,39.2353,-10.6,180.0,top
LED330,183.2353,-52.6,180.0,top
LED331,207.2353,-52.6,180.0,top
LED332,231.2353,-52.6,180.0,top
LED333,195.2353,-58.6,180.0,top
LED334,57.2353,-58.6,180.0,top
LED335,171.2353,-58.6,180.0,top
LED336,141.2353,-58.6,180.0,top
LED337,105.2353,-58.6,180.0,top
LED338,81.2353,-58.6,180.0,top
LED339,153.2353,-70.6,180.0,top
LED34,153.2353,-10.6,180.0,top
LED340,135.2353,-76.6,180.0,top
LED341,51.2353,-58.6,180.0,top
LED342,177.2353,-70.6,180.0,top
LED343,129.2353,-70.6,180.0,top
LED344,105.2353,-70.6,180.0,top
LED345,75.2353,-70.6,180.0,top
LED346,105.2353,-76.6,180.0,top
LED347,81.2353,-64.6,180.0,top
LED348,105.2353,-64.6,180.0,top
LED349,141.2353,-64.6,180.0,top
LED35,129.2353,-10.6,180.0,top
LED350,171.2353,-64.6,180.0,top
LED351,147.2353,-70.6,180.0,top
LED352,141.2353,-76.6,180.0,top
LED353,45.2353,-58.6,180.0,top
LED354,171.2353,-70.6,180.0,top
LED355,123.2353,-70.6,180.0,top
LED356,99.2353,-70.6,180.0,top
LED357,75.2353,-76.6,180.0,top
LED358,111.2353,-76.6,180.0,top
LED359,87.2353,-64.6,180.0,top
LED36,105.2353,-10.6,180.0,top
LED360,117.2353,-64.6,180.0,top
LED361,153.2353,-64.6,180.0,top
LED362,177.2353,-64.6,180.0,top
LED363,141.2353,-70.6,180.0,top
LED364,147.2353,-76.6,180.0,top
LED365,39.2353,-58.6,180.0,top
LED366,165.2353,-70.6,180.0,top
LED367,117.2353,-70.6,180.0,top
LED368,93.2353,-70.6,180.0,top
LED369,87.2353,-76.6,180.0,top
LED37,75.2353,-10.6,180.0,top
LED370,117.2353,-76.6,180.0,top
LED371,93.2353,-64.6,180.0,top
LED372,123.2353,-64.6,180.0,top
LED373,159.2353,-64.6,180.0,top
LED374,183.2353,-64.6,180.0,top
LED375,135.2353,-70.6,180.0,top
LED376,153.2353,-76.6,180.0,top
LED377,75.2353,-64.6,180.0,top
LED378,159.2353,-70.6,180.0,top
LED379,111.2353,-70.6,180.0,top
LED38,171.2353,-10.6,180.0,top
LED380,87.2353,-70.6,180.0,top
LED381,93.2353,-76.6,180.0,top
LED382,123.2353,-76.6,180.0,top
LED383,99.2353,-64.6,180.0,top
LED384,135.2353,-64.6,180.0,top
LED385,165.2353,-64.6,180.0,top
LED386,183.2353,-70.6,180.0,top
LED387,165.2353,-76.6,180.0,top
LED39,33.2353,-10.6,180.0,top
LED390,189.2353,-82.6,180.0,top
LED399,171.2353,-76.6,180.0,top
LED4,21.2353,-4.6,180.0,top
LED40,147.2353,-10.6,180.0,top
LED402,183.2353,-82.6,180.0,top
LED41,123.2353,-10.6,180.0,top
LED411,183.2353,-76.6,180.0,top
LED414,177.2353,-82.6,180.0,top
LED42,99.2353,-10.6,180.0,top
LED426,171.2353,-82.6,180.0,top
LED43,69.2353,-10.6,180.0,top
LED435,165.2353,-82.6,180.0,top
LED436,129.2353,-88.6,180.0,top
LED437,153.2353,-88.6,180.0,top
LED439,135.2353,-82.6,180.0,top
LED44,165.2353,-10.6,180.0,top
LED440,105.2353,-82.6,180.0,top
LED441,75.2353,-82.6,180.0,top
LED442,105.2353,-88.6,180.0,top
LED447,153.2353,-82.6,180.0,top
LED448,135.2353,-88.6,180.0,top
LED449,159.2353,-88.6,180.0,top
LED45,27.2353,-10.6,180.0,top
LED451,123.2353,-82.6,180.0,top
LED452,93.2353,-82.6,180.0,top
LED453,69.2353,-82.6,180.0,top
LED454,111.2353,-88.6,180.0,top
LED459,147.2353,-82.6,180.0,top
LED46,141.2353,-10.6,180.0,top
LED460,141.2353,-88.6,180.0,top
LED461,165.2353,-88.6,180.0,top
LED463,117.2353,-82.6,180.0,top
LED464,87.2353,-82.6,180.0,top
LED465,93.2353,-88.6,180.0,top
LED466,117.2353,-88.6,180.0,top
LED47,117.2353,-10.6,180.0,top
LED471,141.2353,-82.6,180.0,top
LED472,147.2353,-88.6,180.0,top
LED475,111.2353,-82.6,180.0,top
LED476,81.2353,-82.6,180.0,top
LED477,99.2353,-88.6,180.0,top
LED478,123.2353,-88.6,180.0,top
LED48,93.2353,-10.6,180.0,top
LED49,57.2353,-10.6,180.0,top
LED5,27.2353,-4.6,180.0,top
LED50,165.2353,-16.6,180.0,top
LED51,207.2353,-22.6,180.0,top
LED52,189.2353,-16.6,180.0,top
LED53,225.2353,-16.6,180.0,top
LED54,40.12,-62.92,0.0,top
LED55,231.2353,-22.6,180.0,top
LED56,171.2353,-16.6,180.0,top
LED57,201.2353,-22.6,180.0,top
LED58,201.2353,-16.6,180.0,top
LED59,231.2353,-16.6,180.0,top
LED6,33.2353,-4.6,180.0,top
LED60,249.2353,-22.6,180.0,top
LED61,225.2353,-22.6,180.0,top
LED62,177.2353,-16.6,180.0,top
LED63,195.2353,-22.6,180.0,top
LED64,207.2353,-16.6,180.0,top
LED65,243.2353,-16.6,180.0,top
LED66,243.2353,-22.6,180.0,top
LED67,219.2353,-22.6,180.0,top
LED68,183.2353,-16.6,180.0,top
LED69,189.2353,-22.6,180.0,top
LED7,39.2353,-4.6,180.0,top
LED70,219.2353,-16.6,180.0,top
LED71,249.2353,-16.6,180.0,top
LED72,237.2353,-22.6,180.0,top
LED73,213.2353,-22.6,180.0,top
LED74,15.2353,-22.6,180.0,top
LED75,153.2353,-28.6,180.0,top
LED76,15.2353,-28.6,180.0,top
LED77,51.2353,-28.6,180.0,top
LED78,93.2353,-28.6,180.0,top
LED79,123.2353,-28.6,180.0,top
LED8,45.2353,-4.6,180.0,top
LED80,9.2353,-22.6,180.0,top
LED81,159.2353,-28.6,180.0,top
LED82,27.2353,-28.6,180.0,top
LED83,63.2353,-28.6,180.0,top
LED84,99.2353,-28.6,180.0,top
LED85,129.2353,-28.6,180.0,top
LED87,165.2353,-28.6,180.0,top
LED88,33.2353,-28.6,180.0,top
LED89,69.2353,-28.6,180.0,top
LED9,51.2353,-4.6,180.0,top
LED90,105.2353,-28.6,180.0,top
LED91,135.2353,-28.6,180.0,top
LED92,9.2353,-28.6,180.0,top
LED93,171.2353,-28.6,180.0,top
LED94,45.2353,-28.6,180.0,top
LED95,87.2353,-28.6,180.0,top
LED96,111.2353,-28.6,180.0,top
LED97,147.2353,-28.6,180.0,top
LED98,135.2353,-34.6,180.0,top
LED99,21.2353,-40.6,180.0,top
R10,38.3,-62.5,90.0,top
R13,7.2,-4.9,270.0,top
R28,237.099999,-74.250002,0.0,top
R29,237.474999,-64.200002,0.0,top
R3,8.95674,-78.01247,80.0,top
R30,238.299999,-75.850002,0.0,top
R31,237.499999,-66.450002,0.0,top
R32,8.5,-57.65,90.0,top
R33,8.6,-63.7,90.0,top
R34,9.885675,-67.193899,270.0,top
R35,8.385675,-67.193899,90.0,top
R36,237.299999,-67.950002,0.0,top
R37,236.899999,-71.850002,0.0,top
R40,248.390001,-6.1,180.0,top
R41,251.3,-6.1,0.0,top
R6,13.8,-62.8,180.0,top
R7,26.306126,-70.129184,180.0,top
R8,29.5,-78.7,350.0,top
RP2350,19.069855,-71.529998,180.0,top
SPK1,132.2,-40.7,270.0,bottom
SW2,28.3,-81.1,170.0,top
SW3,12.7,-78.5,350.0,top
SW41,3.1,-8.6,270.0,top
SW49,3.2,-21.299999,270.0,top
SW55,3.2,-34.000001,270.0,top
SW56,3.100001,-47.3,270.0,top
SW57,255.7,-9.459999,90.0,top
SW58,255.699999,-22.100001,90.0,top
SW59,255.7,-34.8,90.0,top
SW60,255.799999,-47.700001,90.0,top
TP18,234.299999,-63.850002,0.0,top
TP19,234.199999,-67.050002,0.0,top
TP20,232.799999,-70.450002,0.0,top
TP21,233.799999,-73.350002,0.0,top
TP22,234.765143,-77.200002,0.0,top
U1,24.206104,-12.954139,180.0,top
U10,62.175331,-11.35,180.0,top
U11,59.24,-28.4,180.0,top
U12,26.287499,-61.150001,180.0,top
U13,56.175331,-45.35,180.0,top
U14,81.235331,-10.6,180.0,top
U15,78.175331,-27.65,180.0,top
U16,75.235331,-44.6,180.0,top
U17,79.3,-74.4,180.0,top
U18,63.5,-71.0,270.0,top
U19,99.0,-17.85,180.0,top
U2,62.305001,-79.5,0.0,top
U20,96.083534,-34.921252,180.0,top
U21,93.44,-51.9,180.0,top
U22,97.344946,-77.75,180.0,top
U23,116.710826,-25.051196,180.0,top
U24,113.715048,-42.0411,180.0,top
U25,111.0,-59.1,180.0,top
U26,129.1,-79.5,180.0,top
U27,142.2529,-25.051196,180.0,top
U28,145.2487,-42.0411,180.0,top
U29,148.0,-59.1,180.0,top
U3,51.034856,-68.95,270.0,top
U30,161.5,-77.75,180.0,top
U31,159.8844,-17.931349,180.0,top
U32,162.8802,-34.921252,180.0,top
U33,165.66,-51.95,180.0,top
U34,177.46,-10.6,180.0,top
U35,180.5,-27.65,180.0,top
U36,183.4728,-44.594347,180.0,top
U37,196.56,-11.35,180.0,top
U38,199.6049,-28.394935,180.0,top
U39,202.6006,-45.384838,180.0,top
U4,21.210325,-29.944042,180.0,top
U40,215.4328,-12.198376,180.0,top
U41,218.46,-29.2,180.0,top
U42,221.4,-46.1,180.0,top
U43,199.2,-69.9,280.0,top
U44,179.46,-74.5,180.0,top
U45,234.7576,-12.95,180.0,top
U46,237.7534,-29.944042,180.0,top
U47,240.3897,-46.933945,180.0,top
U48,54.49,-80.09,0.0,top
U5,18.54,-46.9,180.0,top
U6,34.95,-62.1,180.0,top
U7,43.335331,-12.2,180.0,top
U8,40.54,-29.2,180.0,top
U9,37.335331,-46.1,180.0,top
USB1,3.969856,-60.5,270.0,top
X1,26.721125,-72.679185,0.0,top
